,day,values,values_type,type,type_pretty
0,0.0,3.4067999999999756,slope,Total infected derivative spline,0%
1,1.0,5.3376499999999965,slope,Total infected derivative spline,0%
2,2.0,9.808600000000013,slope,Total infected derivative spline,0%
3,3.0,15.735450000000014,slope,Total infected derivative spline,0%
4,4.0,21.918849999999992,slope,Total infected derivative spline,0%
5,5.0,22.233499999999992,slope,Total infected derivative spline,0%
6,6.0,17.539050000000003,slope,Total infected derivative spline,0%
7,7.0,19.522050000000007,slope,Total infected derivative spline,0%
8,8.0,24.551150000000007,slope,Total infected derivative spline,0%
9,9.0,24.396749999999997,slope,Total infected derivative spline,0%
10,10.0,21.472899999999996,slope,Total infected derivative spline,0%
11,11.0,17.66239999999999,slope,Total infected derivative spline,0%
12,12.0,13.546099999999996,slope,Total infected derivative spline,0%
13,13.0,9.70635,slope,Total infected derivative spline,0%
14,14.0,7.277550000000005,slope,Total infected derivative spline,0%
15,15.0,5.750550000000004,slope,Total infected derivative spline,0%
16,16.0,4.408850000000001,slope,Total infected derivative spline,0%
17,17.0,3.2995499999999964,slope,Total infected derivative spline,0%
18,18.0,2.4659499999999923,slope,Total infected derivative spline,0%
19,19.0,1.7725499999999954,slope,Total infected derivative spline,0%
20,20.0,1.3055999999999983,slope,Total infected derivative spline,0%
21,21.0,0.9659500000000065,slope,Total infected derivative spline,0%
22,22.0,0.643250000000009,slope,Total infected derivative spline,0%
23,23.0,0.4629499999999922,slope,Total infected derivative spline,0%
24,24.0,0.35975000000000534,slope,Total infected derivative spline,0%
25,25.0,0.2805500000000052,slope,Total infected derivative spline,0%
26,26.0,0.19735000000000014,slope,Total infected derivative spline,0%
27,27.0,0.12324999999999875,slope,Total infected derivative spline,0%
28,28.0,0.10224999999999795,slope,Total infected derivative spline,0%
29,29.0,0.09314999999999429,slope,Total infected derivative spline,0%
30,30.0,0.0630999999999915,slope,Total infected derivative spline,0%
31,31.0,0.041100000000000136,slope,Total infected derivative spline,0%
32,32.0,0.036100000000004684,slope,Total infected derivative spline,0%
33,33.0,0.03105000000000757,slope,Total infected derivative spline,0%
34,34.0,0.025000000000005684,slope,Total infected derivative spline,0%
35,35.0,0.023099999999999454,slope,Total infected derivative spline,0%
36,36.0,0.019099999999994566,slope,Total infected derivative spline,0%
37,37.0,0.012999999999991019,slope,Total infected derivative spline,0%
38,38.0,0.015000000000000568,slope,Total infected derivative spline,0%
39,39.0,0.01500000000001478,slope,Total infected derivative spline,0%
40,40.0,0.012050000000002115,slope,Total infected derivative spline,0%
41,41.0,0.009050000000002001,slope,Total infected derivative spline,0%
42,42.0,0.01099999999999568,slope,Total infected derivative spline,0%
43,43.0,0.013999999999995794,slope,Total infected derivative spline,0%
44,44.0,0.010049999999992565,slope,Total infected derivative spline,0%
45,45.0,0.006000000000000227,slope,Total infected derivative spline,0%
46,46.0,0.012000000000000455,slope,Total infected derivative spline,0%
47,47.0,0.010049999999992565,slope,Total infected derivative spline,0%
48,48.0,0.0030000000000143245,slope,Total infected derivative spline,0%
49,49.0,0.006000000000000227,slope,Total infected derivative spline,0%
50,50.0,0.0040499999999923375,slope,Total infected derivative spline,0%
51,51.0,0.0010500000000064347,slope,Total infected derivative spline,0%
52,52.0,0.0030000000000001137,slope,Total infected derivative spline,0%
53,53.0,0.0040000000000048885,slope,Total infected derivative spline,0%
54,54.0,0.0030000000000001137,slope,Total infected derivative spline,0%
55,55.0,0.003999999999990678,slope,Total infected derivative spline,0%
56,56.0,0.006000000000000227,slope,Total infected derivative spline,0%
57,57.0,0.0040000000000048885,slope,Total infected derivative spline,0%
58,58.0,0.001999999999995339,slope,Total infected derivative spline,0%
59,59.0,0.001999999999981128,slope,Total infected derivative spline,0%
60,60.0,,slope,Total infected derivative spline,0%
61,0.0,,trend,Total infected derivative spline,0%
62,1.0,,trend,Total infected derivative spline,0%
63,2.0,,trend,Total infected derivative spline,0%
64,3.0,13.711414285714284,trend,Total infected derivative spline,0%
65,4.0,16.01359285714286,trend,Total infected derivative spline,0%
66,5.0,18.758378571428572,trend,Total infected derivative spline,0%
67,6.0,20.8424,trend,Total infected derivative spline,0%
68,7.0,21.662035714285715,trend,Total infected derivative spline,0%
69,8.0,21.053971428571426,trend,Total infected derivative spline,0%
70,9.0,19.812914285714285,trend,Total infected derivative spline,0%
71,10.0,18.69395714285714,trend,Total infected derivative spline,0%
72,11.0,16.944742857142856,trend,Total infected derivative spline,0%
73,12.0,14.258942857142854,trend,Total infected derivative spline,0%
74,13.0,11.40352857142857,trend,Total infected derivative spline,0%
75,14.0,8.807335714285713,trend,Total infected derivative spline,0%
76,15.0,6.6364142857142845,trend,Total infected derivative spline,0%
77,16.0,4.954478571428571,trend,Total infected derivative spline,0%
78,17.0,3.754371428571427,trend,Total infected derivative spline,0%
79,18.0,2.852714285714285,trend,Total infected derivative spline,0%
80,19.0,2.1230999999999995,trend,Total infected derivative spline,0%
81,20.0,1.5593999999999983,trend,Total infected derivative spline,0%
82,21.0,1.139428571428571,trend,Total infected derivative spline,0%
83,22.0,0.8272285714285731,trend,Total infected derivative spline,0%
84,23.0,0.6022000000000024,trend,Total infected derivative spline,0%
85,24.0,0.4332928571428596,trend,Total infected derivative spline,0%
86,25.0,0.309907142857144,trend,Total infected derivative spline,0%
87,26.0,0.2313214285714277,trend,Total infected derivative spline,0%
88,27.0,0.17419999999999902,trend,Total infected derivative spline,0%
89,28.0,0.12867857142856973,trend,Total infected derivative spline,0%
90,29.0,0.09375714285714107,trend,Total infected derivative spline,0%
91,30.0,0.06999999999999926,trend,Total infected derivative spline,0%
92,31.0,0.05596428571428597,trend,Total infected derivative spline,0%
93,32.0,0.04465714285714333,trend,Total infected derivative spline,0%
94,33.0,0.034078571428571944,trend,Total infected derivative spline,0%
95,34.0,0.026921428571429016,trend,Total infected derivative spline,0%
96,35.0,0.02319285714285765,trend,Total infected derivative spline,0%
97,36.0,0.020178571428573377,trend,Total infected derivative spline,0%
98,37.0,0.017464285714286883,trend,Total infected derivative spline,0%
99,38.0,0.015185714285714929,trend,Total infected derivative spline,0%
100,39.0,0.013457142857142959,trend,Total infected derivative spline,0%
101,40.0,0.012728571428571707,trend,Total infected derivative spline,0%
102,41.0,0.012307142857143355,trend,Total infected derivative spline,0%
103,42.0,0.011021428571429022,trend,Total infected derivative spline,0%
104,43.0,0.010592857142855547,trend,Total infected derivative spline,0%
105,44.0,0.010307142857139897,trend,Total infected derivative spline,0%
106,45.0,0.009442857142855943,trend,Total infected derivative spline,0%
107,46.0,0.00872857142857088,trend,Total infected derivative spline,0%
108,47.0,0.007307142857141814,trend,Total infected derivative spline,0%
109,48.0,0.00602142857142951,trend,Total infected derivative spline,0%
110,49.0,0.0055928571428580645,trend,Total infected derivative spline,0%
111,50.0,0.004450000000001556,trend,Total infected derivative spline,0%
112,51.0,0.003442857142859777,trend,Total infected derivative spline,0%
113,52.0,0.0035857142857135416,trend,Total infected derivative spline,0%
114,53.0,0.0035857142857135416,trend,Total infected derivative spline,0%
115,54.0,0.003578571428572478,trend,Total infected derivative spline,0%
116,55.0,0.003714285714285178,trend,Total infected derivative spline,0%
117,56.0,0.003571428571425323,trend,Total infected derivative spline,0%
118,57.0,,trend,Total infected derivative spline,0%
119,58.0,,trend,Total infected derivative spline,0%
120,59.0,,trend,Total infected derivative spline,0%
121,60.0,1.073884389683649,trend,Total infected derivative spline,0%
122,0.0,1.0557258571111343,seasonal,Total infected derivative spline,0%
123,1.0,0.8793868199189151,seasonal,Total infected derivative spline,0%
124,2.0,0.9525459184546574,seasonal,Total infected derivative spline,0%
125,3.0,1.1370529045221294,seasonal,Total infected derivative spline,0%
126,4.0,1.0445222963555723,seasonal,Total infected derivative spline,0%
127,5.0,0.8568818139539429,seasonal,Total infected derivative spline,0%
128,6.0,1.073884389683649,seasonal,Total infected derivative spline,0%
129,7.0,1.0557258571111343,seasonal,Total infected derivative spline,0%
130,8.0,0.8793868199189151,seasonal,Total infected derivative spline,0%
131,9.0,0.9525459184546574,seasonal,Total infected derivative spline,0%
132,10.0,1.1370529045221294,seasonal,Total infected derivative spline,0%
133,11.0,1.0445222963555723,seasonal,Total infected derivative spline,0%
134,12.0,0.8568818139539429,seasonal,Total infected derivative spline,0%
135,13.0,1.073884389683649,seasonal,Total infected derivative spline,0%
136,14.0,1.0557258571111343,seasonal,Total infected derivative spline,0%
137,15.0,0.8793868199189151,seasonal,Total infected derivative spline,0%
138,16.0,0.9525459184546574,seasonal,Total infected derivative spline,0%
139,17.0,1.1370529045221294,seasonal,Total infected derivative spline,0%
140,18.0,1.0445222963555723,seasonal,Total infected derivative spline,0%
141,19.0,0.8568818139539429,seasonal,Total infected derivative spline,0%
142,20.0,1.073884389683649,seasonal,Total infected derivative spline,0%
143,21.0,1.0557258571111343,seasonal,Total infected derivative spline,0%
144,22.0,0.8793868199189151,seasonal,Total infected derivative spline,0%
145,23.0,0.9525459184546574,seasonal,Total infected derivative spline,0%
146,24.0,1.1370529045221294,seasonal,Total infected derivative spline,0%
147,25.0,1.0445222963555723,seasonal,Total infected derivative spline,0%
148,26.0,0.8568818139539429,seasonal,Total infected derivative spline,0%
149,27.0,1.073884389683649,seasonal,Total infected derivative spline,0%
150,28.0,1.0557258571111343,seasonal,Total infected derivative spline,0%
151,29.0,0.8793868199189151,seasonal,Total infected derivative spline,0%
152,30.0,0.9525459184546574,seasonal,Total infected derivative spline,0%
153,31.0,1.1370529045221294,seasonal,Total infected derivative spline,0%
154,32.0,1.0445222963555723,seasonal,Total infected derivative spline,0%
155,33.0,0.8568818139539429,seasonal,Total infected derivative spline,0%
156,34.0,1.073884389683649,seasonal,Total infected derivative spline,0%
157,35.0,1.0557258571111343,seasonal,Total infected derivative spline,0%
158,36.0,0.8793868199189151,seasonal,Total infected derivative spline,0%
159,37.0,0.9525459184546574,seasonal,Total infected derivative spline,0%
160,38.0,1.1370529045221294,seasonal,Total infected derivative spline,0%
161,39.0,1.0445222963555723,seasonal,Total infected derivative spline,0%
162,40.0,0.8568818139539429,seasonal,Total infected derivative spline,0%
163,41.0,1.073884389683649,seasonal,Total infected derivative spline,0%
164,42.0,1.0557258571111343,seasonal,Total infected derivative spline,0%
165,43.0,0.8793868199189151,seasonal,Total infected derivative spline,0%
166,44.0,0.9525459184546574,seasonal,Total infected derivative spline,0%
167,45.0,1.1370529045221294,seasonal,Total infected derivative spline,0%
168,46.0,1.0445222963555723,seasonal,Total infected derivative spline,0%
169,47.0,0.8568818139539429,seasonal,Total infected derivative spline,0%
170,48.0,1.073884389683649,seasonal,Total infected derivative spline,0%
171,49.0,1.0557258571111343,seasonal,Total infected derivative spline,0%
172,50.0,0.8793868199189151,seasonal,Total infected derivative spline,0%
173,51.0,0.9525459184546574,seasonal,Total infected derivative spline,0%
174,52.0,1.1370529045221294,seasonal,Total infected derivative spline,0%
175,53.0,1.0445222963555723,seasonal,Total infected derivative spline,0%
176,54.0,0.8568818139539429,seasonal,Total infected derivative spline,0%
177,55.0,1.073884389683649,seasonal,Total infected derivative spline,0%
178,56.0,1.0557258571111343,seasonal,Total infected derivative spline,0%
179,57.0,0.8793868199189151,seasonal,Total infected derivative spline,0%
180,58.0,0.9525459184546574,seasonal,Total infected derivative spline,0%
181,59.0,,seasonal,Total infected derivative spline,0%
182,60.0,,seasonal,Total infected derivative spline,0%
183,0.0,,resid,Total infected derivative spline,0%
184,1.0,1.204789000239157,resid,Total infected derivative spline,0%
185,2.0,1.2037832893434752,resid,Total infected derivative spline,0%
186,3.0,1.1347359747454848,resid,Total infected derivative spline,0%
187,4.0,0.982058624583193,resid,Total infected derivative spline,0%
188,5.0,0.8392060842773336,resid,Total infected derivative spline,0%
189,6.0,1.1045532349760177,resid,Total infected derivative spline,0%
190,7.0,1.400243814816957,resid,Total infected derivative spline,0%
191,8.0,1.2058784621323873,resid,Total infected derivative spline,0%
192,9.0,0.9167144169537371,resid,Total infected derivative spline,0%
193,10.0,0.9095136762714798,resid,Total infected derivative spline,0%
194,11.0,0.9933350656431008,resid,Total infected derivative spline,0%
195,12.0,0.769454807826647,resid,Total infected derivative spline,0%
196,13.0,0.8207761643035381,resid,Total infected derivative spline,0%
197,14.0,1.0119228825758977,resid,Total infected derivative spline,0%
198,15.0,0.922638466613616,resid,Total infected derivative spline,0%
199,16.0,0.7602305497060372,resid,Total infected derivative spline,0%
200,17.0,0.7993009504703839,resid,Total infected derivative spline,0%
201,18.0,0.9770835144740594,resid,Total infected derivative spline,0%
202,19.0,0.7894234301564133,resid,Total infected derivative spline,0%
203,20.0,0.7365514865249487,resid,Total infected derivative spline,0%
204,21.0,0.8742051991719962,resid,Total infected derivative spline,0%
205,22.0,0.8716323741311616,resid,Total infected derivative spline,0%
206,23.0,0.7961557114653985,resid,Total infected derivative spline,0%
207,24.0,0.8167770948046003,resid,Total infected derivative spline,0%
208,25.0,0.8256915718443241,resid,Total infected derivative spline,0%
209,26.0,0.7399451987068747,resid,Total infected derivative spline,0%
210,27.0,0.9410817175861081,resid,Total infected derivative spline,0%
211,28.0,1.0250649100148859,resid,Total infected derivative spline,0%
212,29.0,0.7709832382814522,resid,Total infected derivative spline,0%
213,30.0,0.7109443322851215,resid,Total infected derivative spline,0%
214,31.0,0.8722932438796478,resid,Total infected derivative spline,0%
215,32.0,1.0837297142291749,resid,Total infected derivative spline,0%
216,33.0,0.9274706978227291,resid,Total infected derivative spline,0%
217,34.0,0.8965856677567097,resid,Total infected derivative spline,0%
218,35.0,0.8464719521116788,resid,Total infected derivative spline,0%
219,36.0,1.0369793642725724,resid,Total infected derivative spline,0%
220,37.0,0.9802971146696182,resid,Total infected derivative spline,0%
221,38.0,0.906336912729393,resid,Total infected derivative spline,0%
222,39.0,0.8581642368198075,resid,Total infected derivative spline,0%
223,40.0,0.9293884380548814,resid,Total infected derivative spline,0%
224,41.0,1.2518830571886639,resid,Total infected derivative spline,0%
225,42.0,1.1087862053031903,resid,Total infected derivative spline,0%
226,43.0,0.6670554095140279,resid,Total infected derivative spline,0%
227,44.0,1.2090865885669009,resid,Total infected derivative spline,0%
228,45.0,1.3167421832094026,resid,Total infected derivative spline,0%
229,46.0,0.5814344900993259,resid,Total infected derivative spline,0%
230,47.0,0.9989873632317116,resid,Total infected derivative spline,0%
231,48.0,0.8620726237007528,resid,Total infected derivative spline,0%
232,49.0,0.3468089880421335,resid,Total infected derivative spline,0%
233,50.0,0.8783339157147567,resid,Total infected derivative spline,0%
234,51.0,0.9810782279088421,resid,Total infected derivative spline,0%
235,52.0,0.8025901947887384,resid,Total infected derivative spline,0%
236,53.0,1.2567930132061442,resid,Total infected derivative spline,0%
237,54.0,1.564414210822541,resid,Total infected derivative spline,0%
238,55.0,,resid,Total infected derivative spline,0%
239,56.0,,resid,Total infected derivative spline,0%
240,57.0,,resid,Total infected derivative spline,0%
241,58.0,,resid,Total infected derivative spline,0%
242,59.0,,resid,Total infected derivative spline,0%
243,60.0,,resid,Total infected derivative spline,0%
244,0.0,3.144299999999987,slope,Total infected derivative spline,10%
245,1.0,4.8367000000000075,slope,Total infected derivative spline,10%
246,2.0,8.749500000000012,slope,Total infected derivative spline,10%
247,3.0,13.785549999999986,slope,Total infected derivative spline,10%
248,4.0,19.292599999999993,slope,Total infected derivative spline,10%
249,5.0,19.596199999999996,slope,Total infected derivative spline,10%
250,6.0,15.540050000000008,slope,Total infected derivative spline,10%
251,7.0,17.589150000000004,slope,Total infected derivative spline,10%
252,8.0,22.3968,slope,Total infected derivative spline,10%
253,9.0,22.74050000000001,slope,Total infected derivative spline,10%
254,10.0,20.4679,slope,Total infected derivative spline,10%
255,11.0,17.32065,slope,Total infected derivative spline,10%
256,12.0,13.542149999999992,slope,Total infected derivative spline,10%
257,13.0,9.73245,slope,Total infected derivative spline,10%
258,14.0,7.450900000000004,slope,Total infected derivative spline,10%
259,15.0,5.97999999999999,slope,Total infected derivative spline,10%
260,16.0,4.527050000000003,slope,Total infected derivative spline,10%
261,17.0,3.4438499999999976,slope,Total infected derivative spline,10%
262,18.0,2.5550499999999943,slope,Total infected derivative spline,10%
263,19.0,1.864750000000015,slope,Total infected derivative spline,10%
264,20.0,1.3226499999999959,slope,Total infected derivative spline,10%
265,21.0,0.9819499999999977,slope,Total infected derivative spline,10%
266,22.0,0.7524999999999977,slope,Total infected derivative spline,10%
267,23.0,0.5260499999999979,slope,Total infected derivative spline,10%
268,24.0,0.4038500000000056,slope,Total infected derivative spline,10%
269,25.0,0.31459999999999866,slope,Total infected derivative spline,10%
270,26.0,0.25849999999999795,slope,Total infected derivative spline,10%
271,27.0,0.20140000000000668,slope,Total infected derivative spline,10%
272,28.0,0.12425000000000352,slope,Total infected derivative spline,10%
273,29.0,0.08619999999999095,slope,Total infected derivative spline,10%
274,30.0,0.08714999999999407,slope,Total infected derivative spline,10%
275,31.0,0.06414999999999793,slope,Total infected derivative spline,10%
276,32.0,0.038100000000014234,slope,Total infected derivative spline,10%
277,33.0,0.036050000000003024,slope,Total infected derivative spline,10%
278,34.0,0.030049999999988586,slope,Total infected derivative spline,10%
279,35.0,0.02599999999999625,slope,Total infected derivative spline,10%
280,36.0,0.027100000000004343,slope,Total infected derivative spline,10%
281,37.0,0.02210000000000889,slope,Total infected derivative spline,10%
282,38.0,0.015000000000000568,slope,Total infected derivative spline,10%
283,39.0,0.013999999999995794,slope,Total infected derivative spline,10%
284,40.0,0.012000000000000455,slope,Total infected derivative spline,10%
285,41.0,0.0049999999999954525,slope,Total infected derivative spline,10%
286,42.0,0.008049999999997226,slope,Total infected derivative spline,10%
287,43.0,0.009050000000002001,slope,Total infected derivative spline,10%
288,44.0,0.007000000000005002,slope,Total infected derivative spline,10%
289,45.0,0.005000000000009663,slope,Total infected derivative spline,10%
290,46.0,0.0049999999999954525,slope,Total infected derivative spline,10%
291,47.0,0.01104999999999734,slope,Total infected derivative spline,10%
292,48.0,0.008049999999997226,slope,Total infected derivative spline,10%
293,49.0,0.000999999999990564,slope,Total infected derivative spline,10%
294,50.0,0.0030000000000001137,slope,Total infected derivative spline,10%
295,51.0,0.007000000000005002,slope,Total infected derivative spline,10%
296,52.0,0.007000000000005002,slope,Total infected derivative spline,10%
297,53.0,0.007000000000005002,slope,Total infected derivative spline,10%
298,54.0,0.005049999999997112,slope,Total infected derivative spline,10%
299,55.0,0.0040499999999923375,slope,Total infected derivative spline,10%
300,56.0,0.006000000000000227,slope,Total infected derivative spline,10%
301,57.0,0.007000000000005002,slope,Total infected derivative spline,10%
302,58.0,0.0049999999999954525,slope,Total infected derivative spline,10%
303,59.0,0.001999999999981128,slope,Total infected derivative spline,10%
304,60.0,,slope,Total infected derivative spline,10%
305,0.0,,trend,Total infected derivative spline,10%
306,1.0,,trend,Total infected derivative spline,10%
307,2.0,,trend,Total infected derivative spline,10%
308,3.0,12.134985714285712,trend,Total infected derivative spline,10%
309,4.0,14.198535714285713,trend,Total infected derivative spline,10%
310,5.0,16.707121428571426,trend,Total infected derivative spline,10%
311,6.0,18.705835714285712,trend,Total infected derivative spline,10%
312,7.0,19.660457142857144,trend,Total infected derivative spline,10%
313,8.0,19.37875,trend,Total infected derivative spline,10%
314,9.0,18.513885714285713,trend,Total infected derivative spline,10%
315,10.0,17.684228571428573,trend,Total infected derivative spline,10%
316,11.0,16.235907142857144,trend,Total infected derivative spline,10%
317,12.0,13.89065,trend,Total infected derivative spline,10%
318,13.0,11.288728571428567,trend,Total infected derivative spline,10%
319,14.0,8.856721428571426,trend,Total infected derivative spline,10%
320,15.0,6.7473499999999955,trend,Total infected derivative spline,10%
321,16.0,5.07915,trend,Total infected derivative spline,10%
322,17.0,3.8777499999999994,trend,Total infected derivative spline,10%
323,18.0,2.953614285714284,trend,Total infected derivative spline,10%
324,19.0,2.2068285714285714,trend,Total infected derivative spline,10%
325,20.0,1.6352571428571423,trend,Total infected derivative spline,10%
326,21.0,1.200971428571429,trend,Total infected derivative spline,10%
327,22.0,0.8809071428571441,trend,Total infected derivative spline,10%
328,23.0,0.6514428571428559,trend,Total infected derivative spline,10%
329,24.0,0.491264285714286,trend,Total infected derivative spline,10%
330,25.0,0.3687357142857154,trend,Total infected derivative spline,10%
331,26.0,0.27355000000000024,trend,Total infected derivative spline,10%
332,27.0,0.21084999999999965,trend,Total infected derivative spline,10%
333,28.0,0.16232142857142715,trend,Total infected derivative spline,10%
334,29.0,0.12282142857142933,trend,Total infected derivative spline,10%
335,30.0,0.09104285714285863,trend,Total infected derivative spline,10%
336,31.0,0.06656428571428462,trend,Total infected derivative spline,10%
337,32.0,0.05252857142856929,trend,Total infected derivative spline,10%
338,33.0,0.044085714285714055,trend,Total infected derivative spline,10%
339,34.0,0.034792857142859034,trend,Total infected derivative spline,10%
340,35.0,0.02777142857143084,trend,Total infected derivative spline,10%
341,36.0,0.024328571428571064,trend,Total infected derivative spline,10%
342,37.0,0.020892857142856408,trend,Total infected derivative spline,10%
343,38.0,0.017314285714285962,trend,Total infected derivative spline,10%
344,39.0,0.014750000000000391,trend,Total infected derivative spline,10%
345,40.0,0.012171428571428628,trend,Total infected derivative spline,10%
346,41.0,0.010014285714285214,trend,Total infected derivative spline,10%
347,42.0,0.008585714285715085,trend,Total infected derivative spline,10%
348,43.0,0.00730000000000075,trend,Total infected derivative spline,10%
349,44.0,0.0071642857142860195,trend,Total infected derivative spline,10%
350,45.0,0.0076000000000005586,trend,Total infected derivative spline,10%
351,46.0,0.006592857142856749,trend,Total infected derivative spline,10%
352,47.0,0.005728571428570765,trend,Total infected derivative spline,10%
353,48.0,0.005728571428570766,trend,Total infected derivative spline,10%
354,49.0,0.006014285714284386,trend,Total infected derivative spline,10%
355,50.0,0.006300000000000036,trend,Total infected derivative spline,10%
356,51.0,0.005442857142857146,trend,Total infected derivative spline,10%
357,52.0,0.004871428571427876,trend,Total infected derivative spline,10%
358,53.0,0.00558571428571497,trend,Total infected derivative spline,10%
359,54.0,0.00615714285714424,trend,Total infected derivative spline,10%
360,55.0,0.005871428571428591,trend,Total infected derivative spline,10%
361,56.0,0.005157142857139466,trend,Total infected derivative spline,10%
362,57.0,,trend,Total infected derivative spline,10%
363,58.0,,trend,Total infected derivative spline,10%
364,59.0,,trend,Total infected derivative spline,10%
365,60.0,0.8571446229894191,trend,Total infected derivative spline,10%
366,0.0,0.9653840505299249,seasonal,Total infected derivative spline,10%
367,1.0,1.0821351386897362,seasonal,Total infected derivative spline,10%
368,2.0,1.0419085659434015,seasonal,Total infected derivative spline,10%
369,3.0,1.0289498055441892,seasonal,Total infected derivative spline,10%
370,4.0,1.1157702107716878,seasonal,Total infected derivative spline,10%
371,5.0,0.9087076055316408,seasonal,Total infected derivative spline,10%
372,6.0,0.8571446229894191,seasonal,Total infected derivative spline,10%
373,7.0,0.9653840505299249,seasonal,Total infected derivative spline,10%
374,8.0,1.0821351386897362,seasonal,Total infected derivative spline,10%
375,9.0,1.0419085659434015,seasonal,Total infected derivative spline,10%
376,10.0,1.0289498055441892,seasonal,Total infected derivative spline,10%
377,11.0,1.1157702107716878,seasonal,Total infected derivative spline,10%
378,12.0,0.9087076055316408,seasonal,Total infected derivative spline,10%
379,13.0,0.8571446229894191,seasonal,Total infected derivative spline,10%
380,14.0,0.9653840505299249,seasonal,Total infected derivative spline,10%
381,15.0,1.0821351386897362,seasonal,Total infected derivative spline,10%
382,16.0,1.0419085659434015,seasonal,Total infected derivative spline,10%
383,17.0,1.0289498055441892,seasonal,Total infected derivative spline,10%
384,18.0,1.1157702107716878,seasonal,Total infected derivative spline,10%
385,19.0,0.9087076055316408,seasonal,Total infected derivative spline,10%
386,20.0,0.8571446229894191,seasonal,Total infected derivative spline,10%
387,21.0,0.9653840505299249,seasonal,Total infected derivative spline,10%
388,22.0,1.0821351386897362,seasonal,Total infected derivative spline,10%
389,23.0,1.0419085659434015,seasonal,Total infected derivative spline,10%
390,24.0,1.0289498055441892,seasonal,Total infected derivative spline,10%
391,25.0,1.1157702107716878,seasonal,Total infected derivative spline,10%
392,26.0,0.9087076055316408,seasonal,Total infected derivative spline,10%
393,27.0,0.8571446229894191,seasonal,Total infected derivative spline,10%
394,28.0,0.9653840505299249,seasonal,Total infected derivative spline,10%
395,29.0,1.0821351386897362,seasonal,Total infected derivative spline,10%
396,30.0,1.0419085659434015,seasonal,Total infected derivative spline,10%
397,31.0,1.0289498055441892,seasonal,Total infected derivative spline,10%
398,32.0,1.1157702107716878,seasonal,Total infected derivative spline,10%
399,33.0,0.9087076055316408,seasonal,Total infected derivative spline,10%
400,34.0,0.8571446229894191,seasonal,Total infected derivative spline,10%
401,35.0,0.9653840505299249,seasonal,Total infected derivative spline,10%
402,36.0,1.0821351386897362,seasonal,Total infected derivative spline,10%
403,37.0,1.0419085659434015,seasonal,Total infected derivative spline,10%
404,38.0,1.0289498055441892,seasonal,Total infected derivative spline,10%
405,39.0,1.1157702107716878,seasonal,Total infected derivative spline,10%
406,40.0,0.9087076055316408,seasonal,Total infected derivative spline,10%
407,41.0,0.8571446229894191,seasonal,Total infected derivative spline,10%
408,42.0,0.9653840505299249,seasonal,Total infected derivative spline,10%
409,43.0,1.0821351386897362,seasonal,Total infected derivative spline,10%
410,44.0,1.0419085659434015,seasonal,Total infected derivative spline,10%
411,45.0,1.0289498055441892,seasonal,Total infected derivative spline,10%
412,46.0,1.1157702107716878,seasonal,Total infected derivative spline,10%
413,47.0,0.9087076055316408,seasonal,Total infected derivative spline,10%
414,48.0,0.8571446229894191,seasonal,Total infected derivative spline,10%
415,49.0,0.9653840505299249,seasonal,Total infected derivative spline,10%
416,50.0,1.0821351386897362,seasonal,Total infected derivative spline,10%
417,51.0,1.0419085659434015,seasonal,Total infected derivative spline,10%
418,52.0,1.0289498055441892,seasonal,Total infected derivative spline,10%
419,53.0,1.1157702107716878,seasonal,Total infected derivative spline,10%
420,54.0,0.9087076055316408,seasonal,Total infected derivative spline,10%
421,55.0,0.8571446229894191,seasonal,Total infected derivative spline,10%
422,56.0,0.9653840505299249,seasonal,Total infected derivative spline,10%
423,57.0,1.0821351386897362,seasonal,Total infected derivative spline,10%
424,58.0,1.0419085659434015,seasonal,Total infected derivative spline,10%
425,59.0,,seasonal,Total infected derivative spline,10%
426,60.0,,seasonal,Total infected derivative spline,10%
427,0.0,,resid,Total infected derivative spline,10%
428,1.0,1.0903231163257237,resid,Total infected derivative spline,10%
429,2.0,1.3205444138404332,resid,Total infected derivative spline,10%
430,3.0,1.0512244946481424,resid,Total infected derivative spline,10%
431,4.0,0.9142208738878265,resid,Total infected derivative spline,10%
432,5.0,1.0437515554812604,resid,Total infected derivative spline,10%
433,6.0,1.1971817627251198,resid,Total infected derivative spline,10%
434,7.0,1.135065520211278,resid,Total infected derivative spline,10%
435,8.0,1.1108554711097316,resid,Total infected derivative spline,10%
436,9.0,1.0367962977116176,resid,Total infected derivative spline,10%
437,10.0,0.8737562374854482,resid,Total infected derivative spline,10%
438,11.0,0.9487526181836258,resid,Total infected derivative spline,10%
439,12.0,0.9814804302553152,resid,Total infected derivative spline,10%
440,13.0,0.918053152003066,resid,Total infected derivative spline,10%
441,14.0,0.8236500949813241,resid,Total infected derivative spline,10%
442,15.0,0.8523830638144982,resid,Total infected derivative spline,10%
443,16.0,0.84072010636086,resid,Total infected derivative spline,10%
444,17.0,0.7573162146910987,resid,Total infected derivative spline,10%
445,18.0,0.8900916327577989,resid,Total infected derivative spline,10%
446,19.0,0.9538994400315971,resid,Total infected derivative spline,10%
447,20.0,0.8848634434575837,resid,Total infected derivative spline,10%
448,21.0,0.7462239762847268,resid,Total infected derivative spline,10%
449,22.0,0.7889968803500709,resid,Total infected derivative spline,10%
450,23.0,0.8291809677894147,resid,Total infected derivative spline,10%
451,24.0,0.8469330213270483,resid,Total infected derivative spline,10%
452,25.0,1.0511427468745622,resid,Total infected derivative spline,10%
453,26.0,0.8930307968157702,resid,Total infected derivative spline,10%
454,27.0,0.7269976415092845,resid,Total infected derivative spline,10%
455,28.0,0.884585901798234,resid,Total infected derivative spline,10%
456,29.0,0.9249660147264123,resid,Total infected derivative spline,10%
457,30.0,0.7049124749102033,resid,Total infected derivative spline,10%
458,31.0,0.7328795864366769,resid,Total infected derivative spline,10%
459,32.0,0.9504520669892136,resid,Total infected derivative spline,10%
460,33.0,1.0922474068660089,resid,Total infected derivative spline,10%
461,34.0,1.1538585261711631,resid,Total infected derivative spline,10%
462,35.0,0.9774913871284246,resid,Total infected derivative spline,10%
463,36.0,0.8314900769425556,resid,Total infected derivative spline,10%
464,37.0,0.9224478563078058,resid,Total infected derivative spline,10%
465,38.0,0.8836187625728971,resid,Total infected derivative spline,10%
466,39.0,0.5494470720817765,resid,Total infected derivative spline,10%
467,40.0,1.0938690720289215,resid,Total infected derivative spline,10%
468,41.0,1.2841791064570502,resid,Total infected derivative spline,10%
469,42.0,0.9029082955413935,resid,Total infected derivative spline,10%
470,43.0,0.6314323140703179,resid,Total infected derivative spline,10%
471,44.0,0.7370588234308247,resid,Total infected derivative spline,10%
472,45.0,1.7287857859762013,resid,Total infected derivative spline,10%
473,46.0,1.5464126185102367,resid,Total infected derivative spline,10%
474,47.0,0.19398218152096053,resid,Total infected derivative spline,10%
475,48.0,0.4932653237114265,resid,Total infected derivative spline,10%
476,49.0,1.188473780089312,resid,Total infected derivative spline,10%
477,50.0,1.3791518695574827,resid,Total infected derivative spline,10%
478,51.0,1.2179378665456326,resid,Total infected derivative spline,10%
479,52.0,0.7350847037592793,resid,Total infected derivative spline,10%
480,53.0,0.7590791776117528,resid,Total infected derivative spline,10%
481,54.0,1.3573379238969598,resid,Total infected derivative spline,10%
482,55.0,,resid,Total infected derivative spline,10%
483,56.0,,resid,Total infected derivative spline,10%
484,57.0,,resid,Total infected derivative spline,10%
485,58.0,,resid,Total infected derivative spline,10%
486,59.0,,resid,Total infected derivative spline,10%
487,60.0,,resid,Total infected derivative spline,10%
488,0.0,2.4750000000000227,slope,Total infected derivative spline,40%
489,1.0,3.7024000000000115,slope,Total infected derivative spline,40%
490,2.0,6.346649999999983,slope,Total infected derivative spline,40%
491,3.0,9.58914999999999,slope,Total infected derivative spline,40%
492,4.0,13.213449999999995,slope,Total infected derivative spline,40%
493,5.0,13.5231,slope,Total infected derivative spline,40%
494,6.0,10.897800000000018,slope,Total infected derivative spline,40%
495,7.0,12.450850000000003,slope,Total infected derivative spline,40%
496,8.0,16.09115,slope,Total infected derivative spline,40%
497,9.0,16.9229,slope,Total infected derivative spline,40%
498,10.0,16.195400000000006,slope,Total infected derivative spline,40%
499,11.0,14.339650000000006,slope,Total infected derivative spline,40%
500,12.0,11.38879999999999,slope,Total infected derivative spline,40%
501,13.0,8.377749999999992,slope,Total infected derivative spline,40%
502,14.0,6.780549999999991,slope,Total infected derivative spline,40%
503,15.0,5.972999999999999,slope,Total infected derivative spline,40%
504,16.0,4.894800000000004,slope,Total infected derivative spline,40%
505,17.0,3.8676999999999992,slope,Total infected derivative spline,40%
506,18.0,2.9999500000000126,slope,Total infected derivative spline,40%
507,19.0,2.223450000000014,slope,Total infected derivative spline,40%
508,20.0,1.6152999999999906,slope,Total infected derivative spline,40%
509,21.0,1.2043999999999926,slope,Total infected derivative spline,40%
510,22.0,0.9268500000000017,slope,Total infected derivative spline,40%
511,23.0,0.7504999999999882,slope,Total infected derivative spline,40%
512,24.0,0.575099999999992,slope,Total infected derivative spline,40%
513,25.0,0.4358500000000163,slope,Total infected derivative spline,40%
514,26.0,0.3256500000000102,slope,Total infected derivative spline,40%
515,27.0,0.2394999999999925,slope,Total infected derivative spline,40%
516,28.0,0.19440000000000168,slope,Total infected derivative spline,40%
517,29.0,0.15430000000000632,slope,Total infected derivative spline,40%
518,30.0,0.11624999999999375,slope,Total infected derivative spline,40%
519,31.0,0.08719999999999573,slope,Total infected derivative spline,40%
520,32.0,0.08115000000000805,slope,Total infected derivative spline,40%
521,33.0,0.056049999999999045,slope,Total infected derivative spline,40%
522,34.0,0.03509999999999991,slope,Total infected derivative spline,40%
523,35.0,0.03710000000000946,slope,Total infected derivative spline,40%
524,36.0,0.028999999999996362,slope,Total infected derivative spline,40%
525,37.0,0.02204999999999302,slope,Total infected derivative spline,40%
526,38.0,0.021099999999989905,slope,Total infected derivative spline,40%
527,39.0,0.02405000000000257,slope,Total infected derivative spline,40%
528,40.0,0.02605000000001212,slope,Total infected derivative spline,40%
529,41.0,0.021050000000002456,slope,Total infected derivative spline,40%
530,42.0,0.016000000000005343,slope,Total infected derivative spline,40%
531,43.0,0.013999999999981583,slope,Total infected derivative spline,40%
532,44.0,0.013999999999981583,slope,Total infected derivative spline,40%
533,45.0,0.009050000000002001,slope,Total infected derivative spline,40%
534,46.0,0.008050000000011437,slope,Total infected derivative spline,40%
535,47.0,0.010000000000005116,slope,Total infected derivative spline,40%
536,48.0,0.010000000000005116,slope,Total infected derivative spline,40%
537,49.0,0.010049999999992565,slope,Total infected derivative spline,40%
538,50.0,0.009999999999990905,slope,Total infected derivative spline,40%
539,51.0,0.007000000000005002,slope,Total infected derivative spline,40%
540,52.0,0.005099999999998772,slope,Total infected derivative spline,40%
541,53.0,0.006050000000016098,slope,Total infected derivative spline,40%
542,54.0,0.006000000000000227,slope,Total infected derivative spline,40%
543,55.0,0.007999999999981355,slope,Total infected derivative spline,40%
544,56.0,0.007000000000005002,slope,Total infected derivative spline,40%
545,57.0,0.0040000000000048885,slope,Total infected derivative spline,40%
546,58.0,0.0049999999999954525,slope,Total infected derivative spline,40%
547,59.0,0.006000000000000227,slope,Total infected derivative spline,40%
548,60.0,,slope,Total infected derivative spline,40%
549,0.0,,trend,Total infected derivative spline,40%
550,1.0,,trend,Total infected derivative spline,40%
551,2.0,,trend,Total infected derivative spline,40%
552,3.0,8.535364285714287,trend,Total infected derivative spline,40%
553,4.0,9.960485714285713,trend,Total infected derivative spline,40%
554,5.0,11.730307142857141,trend,Total infected derivative spline,40%
555,6.0,13.2412,trend,Total infected derivative spline,40%
556,7.0,14.184950000000002,trend,Total infected derivative spline,40%
557,8.0,14.345835714285718,trend,Total infected derivative spline,40%
558,9.0,14.040935714285716,trend,Total infected derivative spline,40%
559,10.0,13.68092857142857,trend,Total infected derivative spline,40%
560,11.0,12.870885714285711,trend,Total infected derivative spline,40%
561,12.0,11.425435714285712,trend,Total infected derivative spline,40%
562,13.0,9.707135714285712,trend,Total infected derivative spline,40%
563,14.0,7.94603571428571,trend,Total infected derivative spline,40%
564,15.0,6.326078571428569,trend,Total infected derivative spline,40%
565,16.0,5.016742857142859,trend,Total infected derivative spline,40%
566,17.0,4.0506785714285725,trend,Total infected derivative spline,40%
567,18.0,3.2540857142857154,trend,Total infected derivative spline,40%
568,19.0,2.5332071428571448,trend,Total infected derivative spline,40%
569,20.0,1.9411642857142855,trend,Total infected derivative spline,40%
570,21.0,1.470792857142856,trend,Total infected derivative spline,40%
571,22.0,1.1044928571428565,trend,Total infected derivative spline,40%
572,23.0,0.8333785714285702,trend,Total infected derivative spline,40%
573,24.0,0.6368357142857133,trend,Total infected derivative spline,40%
574,25.0,0.4925500000000004,trend,Total infected derivative spline,40%
575,26.0,0.3821857142857153,trend,Total infected derivative spline,40%
576,27.0,0.29157857142857324,trend,Total infected derivative spline,40%
577,28.0,0.22187857142857376,trend,Total infected derivative spline,40%
578,29.0,0.171207142857144,trend,Total infected derivative spline,40%
579,30.0,0.13269285714285672,trend,Total infected derivative spline,40%
580,31.0,0.10349285714285779,trend,Total infected derivative spline,40%
581,32.0,0.0810214285714303,trend,Total infected derivative spline,40%
582,33.0,0.0631214285714289,trend,Total infected derivative spline,40%
583,34.0,0.04966428571428593,trend,Total infected derivative spline,40%
584,35.0,0.04022142857142796,trend,Total infected derivative spline,40%
585,36.0,0.032064285714284324,trend,Total infected derivative spline,40%
586,37.0,0.027778571428571902,trend,Total infected derivative spline,40%
587,38.0,0.02577142857142941,trend,Total infected derivative spline,40%
588,39.0,0.02275714285714311,trend,Total infected derivative spline,40%
589,40.0,0.020614285714283854,trend,Total infected derivative spline,40%
590,41.0,0.01946428571428222,trend,Total infected derivative spline,40%
591,42.0,0.017742857142855378,trend,Total infected derivative spline,40%
592,43.0,0.015457142857142359,trend,Total infected derivative spline,40%
593,44.0,0.013164285714284215,trend,Total infected derivative spline,40%
594,45.0,0.011585714285713167,trend,Total infected derivative spline,40%
595,46.0,0.010735714285711342,trend,Total infected derivative spline,40%
596,47.0,0.010164285714284103,trend,Total infected derivative spline,40%
597,48.0,0.009164285714287448,trend,Total infected derivative spline,40%
598,49.0,0.008600000000001273,trend,Total infected derivative spline,40%
599,50.0,0.008314285714287653,trend,Total infected derivative spline,40%
600,51.0,0.007742857142858384,trend,Total infected derivative spline,40%
601,52.0,0.007457142857140702,trend,Total infected derivative spline,40%
602,53.0,0.0070214285714281935,trend,Total infected derivative spline,40%
603,54.0,0.006164285714287335,trend,Total infected derivative spline,40%
604,55.0,0.005878571428571685,trend,Total infected derivative spline,40%
605,56.0,0.006007142857143322,trend,Total infected derivative spline,40%
606,57.0,,trend,Total infected derivative spline,40%
607,58.0,,trend,Total infected derivative spline,40%
608,59.0,,trend,Total infected derivative spline,40%
609,60.0,0.9861770748192595,trend,Total infected derivative spline,40%
610,0.0,1.0133769042629965,seasonal,Total infected derivative spline,40%
611,1.0,0.9984762967127156,seasonal,Total infected derivative spline,40%
612,2.0,0.948121146515991,seasonal,Total infected derivative spline,40%
613,3.0,1.0295049307444986,seasonal,Total infected derivative spline,40%
614,4.0,1.0387236465143541,seasonal,Total infected derivative spline,40%
615,5.0,0.9856200004301847,seasonal,Total infected derivative spline,40%
616,6.0,0.9861770748192595,seasonal,Total infected derivative spline,40%
617,7.0,1.0133769042629965,seasonal,Total infected derivative spline,40%
618,8.0,0.9984762967127156,seasonal,Total infected derivative spline,40%
619,9.0,0.948121146515991,seasonal,Total infected derivative spline,40%
620,10.0,1.0295049307444986,seasonal,Total infected derivative spline,40%
621,11.0,1.0387236465143541,seasonal,Total infected derivative spline,40%
622,12.0,0.9856200004301847,seasonal,Total infected derivative spline,40%
623,13.0,0.9861770748192595,seasonal,Total infected derivative spline,40%
624,14.0,1.0133769042629965,seasonal,Total infected derivative spline,40%
625,15.0,0.9984762967127156,seasonal,Total infected derivative spline,40%
626,16.0,0.948121146515991,seasonal,Total infected derivative spline,40%
627,17.0,1.0295049307444986,seasonal,Total infected derivative spline,40%
628,18.0,1.0387236465143541,seasonal,Total infected derivative spline,40%
629,19.0,0.9856200004301847,seasonal,Total infected derivative spline,40%
630,20.0,0.9861770748192595,seasonal,Total infected derivative spline,40%
631,21.0,1.0133769042629965,seasonal,Total infected derivative spline,40%
632,22.0,0.9984762967127156,seasonal,Total infected derivative spline,40%
633,23.0,0.948121146515991,seasonal,Total infected derivative spline,40%
634,24.0,1.0295049307444986,seasonal,Total infected derivative spline,40%
635,25.0,1.0387236465143541,seasonal,Total infected derivative spline,40%
636,26.0,0.9856200004301847,seasonal,Total infected derivative spline,40%
637,27.0,0.9861770748192595,seasonal,Total infected derivative spline,40%
638,28.0,1.0133769042629965,seasonal,Total infected derivative spline,40%
639,29.0,0.9984762967127156,seasonal,Total infected derivative spline,40%
640,30.0,0.948121146515991,seasonal,Total infected derivative spline,40%
641,31.0,1.0295049307444986,seasonal,Total infected derivative spline,40%
642,32.0,1.0387236465143541,seasonal,Total infected derivative spline,40%
643,33.0,0.9856200004301847,seasonal,Total infected derivative spline,40%
644,34.0,0.9861770748192595,seasonal,Total infected derivative spline,40%
645,35.0,1.0133769042629965,seasonal,Total infected derivative spline,40%
646,36.0,0.9984762967127156,seasonal,Total infected derivative spline,40%
647,37.0,0.948121146515991,seasonal,Total infected derivative spline,40%
648,38.0,1.0295049307444986,seasonal,Total infected derivative spline,40%
649,39.0,1.0387236465143541,seasonal,Total infected derivative spline,40%
650,40.0,0.9856200004301847,seasonal,Total infected derivative spline,40%
651,41.0,0.9861770748192595,seasonal,Total infected derivative spline,40%
652,42.0,1.0133769042629965,seasonal,Total infected derivative spline,40%
653,43.0,0.9984762967127156,seasonal,Total infected derivative spline,40%
654,44.0,0.948121146515991,seasonal,Total infected derivative spline,40%
655,45.0,1.0295049307444986,seasonal,Total infected derivative spline,40%
656,46.0,1.0387236465143541,seasonal,Total infected derivative spline,40%
657,47.0,0.9856200004301847,seasonal,Total infected derivative spline,40%
658,48.0,0.9861770748192595,seasonal,Total infected derivative spline,40%
659,49.0,1.0133769042629965,seasonal,Total infected derivative spline,40%
660,50.0,0.9984762967127156,seasonal,Total infected derivative spline,40%
661,51.0,0.948121146515991,seasonal,Total infected derivative spline,40%
662,52.0,1.0295049307444986,seasonal,Total infected derivative spline,40%
663,53.0,1.0387236465143541,seasonal,Total infected derivative spline,40%
664,54.0,0.9856200004301847,seasonal,Total infected derivative spline,40%
665,55.0,0.9861770748192595,seasonal,Total infected derivative spline,40%
666,56.0,1.0133769042629965,seasonal,Total infected derivative spline,40%
667,57.0,0.9984762967127156,seasonal,Total infected derivative spline,40%
668,58.0,0.948121146515991,seasonal,Total infected derivative spline,40%
669,59.0,,seasonal,Total infected derivative spline,40%
670,60.0,,seasonal,Total infected derivative spline,40%
671,0.0,,resid,Total infected derivative spline,40%
672,1.0,1.184934154772103,resid,Total infected derivative spline,40%
673,2.0,1.2885678094546686,resid,Total infected derivative spline,40%
674,3.0,1.109856570357443,resid,Total infected derivative spline,40%
675,4.0,0.8350298109124066,resid,Total infected derivative spline,40%
676,5.0,0.8900538626156613,resid,Total infected derivative spline,40%
677,6.0,1.1068537177007807,resid,Total infected derivative spline,40%
678,7.0,1.2070936846816485,resid,Total infected derivative spline,40%
679,8.0,1.2485682022375058,resid,Total infected derivative spline,40%
680,9.0,1.082185439265795,resid,Total infected derivative spline,40%
681,10.0,0.9596330059108501,resid,Total infected derivative spline,40%
682,11.0,0.8756424093241924,resid,Total infected derivative spline,40%
683,12.0,0.8652856624493901,resid,Total infected derivative spline,40%
684,13.0,0.9317232458504248,resid,Total infected derivative spline,40%
685,14.0,0.9771817579470663,resid,Total infected derivative spline,40%
686,15.0,1.0070734925428024,resid,Total infected derivative spline,40%
687,16.0,0.8954814568565813,resid,Total infected derivative spline,40%
688,17.0,0.8449998761525637,resid,Total infected derivative spline,40%
689,18.0,0.8442700689764128,resid,Total infected derivative spline,40%
690,19.0,0.8303560079383292,resid,Total infected derivative spline,40%
691,20.0,0.8280861873037653,resid,Total infected derivative spline,40%
692,21.0,0.9019253796053602,resid,Total infected derivative spline,40%
693,22.0,0.9524717939973287,resid,Total infected derivative spline,40%
694,23.0,0.8595245703494121,resid,Total infected derivative spline,40%
695,24.0,0.8203073720399109,resid,Total infected derivative spline,40%
696,25.0,0.8333748811688123,resid,Total infected derivative spline,40%
697,26.0,0.8884356910729475,resid,Total infected derivative spline,40%
698,27.0,0.8893506856379836,resid,Total infected derivative spline,40%
699,28.0,0.8774202569773415,resid,Total infected derivative spline,40%
700,29.0,0.8886735928046259,resid,Total infected derivative spline,40%
701,30.0,0.9728820638606133,resid,Total infected derivative spline,40%
702,31.0,0.8548674460936577,resid,Total infected derivative spline,40%
703,32.0,0.7170565628685406,resid,Total infected derivative spline,40%
704,33.0,0.9353227878776769,resid,Total infected derivative spline,40%
705,34.0,0.8924942484705193,resid,Total infected derivative spline,40%
706,35.0,0.7949886474632101,resid,Total infected derivative spline,40%
707,36.0,0.8635353666723079,resid,Total infected derivative spline,40%
708,37.0,1.02652354231303,resid,Total infected derivative spline,40%
709,38.0,1.216576485890179,resid,Total infected derivative spline,40%
710,39.0,1.0972462911026142,resid,Total infected derivative spline,40%
711,40.0,0.9144111737941253,resid,Total infected derivative spline,40%
712,41.0,0.8937741975159488,resid,Total infected derivative spline,40%
713,42.0,1.0651063569513959,resid,Total infected derivative spline,40%
714,43.0,0.8238761521599988,resid,Total infected derivative spline,40%
715,44.0,0.7283439288244599,resid,Total infected derivative spline,40%
716,45.0,0.9471594946955784,resid,Total infected derivative spline,40%
717,46.0,1.107112799112347,resid,Total infected derivative spline,40%
718,47.0,1.1849846046927504,resid,Total infected derivative spline,40%
719,48.0,1.1868724616008746,resid,Total infected derivative spline,40%
720,49.0,0.9054386604542756,resid,Total infected derivative spline,40%
721,50.0,0.7213298094765253,resid,Total infected derivative spline,40%
722,51.0,0.8369537537386365,resid,Total infected derivative spline,40%
723,52.0,0.9370623135230137,resid,Total infected derivative spline,40%
724,53.0,1.380729741197872,resid,Total infected derivative spline,40%
725,54.0,1.1816127742223166,resid,Total infected derivative spline,40%
726,55.0,,resid,Total infected derivative spline,40%
727,56.0,,resid,Total infected derivative spline,40%
728,57.0,,resid,Total infected derivative spline,40%
729,58.0,,resid,Total infected derivative spline,40%
730,59.0,,resid,Total infected derivative spline,40%
731,60.0,,resid,Total infected derivative spline,40%
732,0.0,1.845799999999997,slope,Total infected derivative spline,70%
733,1.0,2.6613499999999704,slope,Total infected derivative spline,70%
734,2.0,4.276499999999999,slope,Total infected derivative spline,70%
735,3.0,6.112250000000017,slope,Total infected derivative spline,70%
736,4.0,7.944950000000006,slope,Total infected derivative spline,70%
737,5.0,8.124200000000002,slope,Total infected derivative spline,70%
738,6.0,6.947849999999988,slope,Total infected derivative spline,70%
739,7.0,7.703400000000002,slope,Total infected derivative spline,70%
740,8.0,9.79155,slope,Total infected derivative spline,70%
741,9.0,10.759550000000004,slope,Total infected derivative spline,70%
742,10.0,10.768550000000005,slope,Total infected derivative spline,70%
743,11.0,10.121200000000002,slope,Total infected derivative spline,70%
744,12.0,8.387799999999999,slope,Total infected derivative spline,70%
745,13.0,6.247499999999988,slope,Total infected derivative spline,70%
746,14.0,5.4047999999999945,slope,Total infected derivative spline,70%
747,15.0,5.206450000000004,slope,Total infected derivative spline,70%
748,16.0,4.733450000000005,slope,Total infected derivative spline,70%
749,17.0,3.969949999999997,slope,Total infected derivative spline,70%
750,18.0,3.282600000000002,slope,Total infected derivative spline,70%
751,19.0,2.690400000000011,slope,Total infected derivative spline,70%
752,20.0,1.9789999999999992,slope,Total infected derivative spline,70%
753,21.0,1.5150000000000006,slope,Total infected derivative spline,70%
754,22.0,1.3015499999999918,slope,Total infected derivative spline,70%
755,23.0,1.1372499999999945,slope,Total infected derivative spline,70%
756,24.0,0.8867500000000064,slope,Total infected derivative spline,70%
757,25.0,0.7144499999999994,slope,Total infected derivative spline,70%
758,26.0,0.5772000000000048,slope,Total infected derivative spline,70%
759,27.0,0.4308500000000066,slope,Total infected derivative spline,70%
760,28.0,0.347699999999989,slope,Total infected derivative spline,70%
761,29.0,0.29759999999998854,slope,Total infected derivative spline,70%
762,30.0,0.2484500000000054,slope,Total infected derivative spline,70%
763,31.0,0.1974000000000018,slope,Total infected derivative spline,70%
764,32.0,0.18739999999999668,slope,Total infected derivative spline,70%
765,33.0,0.15635000000000332,slope,Total infected derivative spline,70%
766,34.0,0.11720000000001107,slope,Total infected derivative spline,70%
767,35.0,0.11119999999999663,slope,Total infected derivative spline,70%
768,36.0,0.08619999999999095,slope,Total infected derivative spline,70%
769,37.0,0.07014999999999816,slope,Total infected derivative spline,70%
770,38.0,0.0651500000000027,slope,Total infected derivative spline,70%
771,39.0,0.05710000000000548,slope,Total infected derivative spline,70%
772,40.0,0.05110000000000525,slope,Total infected derivative spline,70%
773,41.0,0.05010000000000048,slope,Total infected derivative spline,70%
774,42.0,0.04809999999999093,slope,Total infected derivative spline,70%
775,43.0,0.036100000000004684,slope,Total infected derivative spline,70%
776,44.0,0.03305000000000291,slope,Total infected derivative spline,70%
777,45.0,0.030000000000001137,slope,Total infected derivative spline,70%
778,46.0,0.023049999999997794,slope,Total infected derivative spline,70%
779,47.0,0.026099999999999568,slope,Total infected derivative spline,70%
780,48.0,0.02405000000000257,slope,Total infected derivative spline,70%
781,49.0,0.02204999999999302,slope,Total infected derivative spline,70%
782,50.0,0.019049999999992906,slope,Total infected derivative spline,70%
783,51.0,0.019000000000005457,slope,Total infected derivative spline,70%
784,52.0,0.019050000000007117,slope,Total infected derivative spline,70%
785,53.0,0.013049999999992679,slope,Total infected derivative spline,70%
786,54.0,0.016999999999995907,slope,Total infected derivative spline,70%
787,55.0,0.015000000000000568,slope,Total infected derivative spline,70%
788,56.0,0.01104999999999734,slope,Total infected derivative spline,70%
789,57.0,0.016050000000007003,slope,Total infected derivative spline,70%
790,58.0,0.01300000000000523,slope,Total infected derivative spline,70%
791,59.0,0.009999999999990905,slope,Total infected derivative spline,70%
792,60.0,,slope,Total infected derivative spline,70%
793,0.0,,trend,Total infected derivative spline,70%
794,1.0,,trend,Total infected derivative spline,70%
795,2.0,,trend,Total infected derivative spline,70%
796,3.0,5.416128571428569,trend,Total infected derivative spline,70%
797,4.0,6.252928571428569,trend,Total infected derivative spline,70%
798,5.0,7.271528571428573,trend,Total infected derivative spline,70%
799,6.0,8.197678571428574,trend,Total infected derivative spline,70%
800,7.0,8.862864285714286,trend,Total infected derivative spline,70%
801,8.0,9.173757142857143,trend,Total infected derivative spline,70%
802,9.0,9.211414285714286,trend,Total infected derivative spline,70%
803,10.0,9.111364285714286,trend,Total infected derivative spline,70%
804,11.0,8.782992857142855,trend,Total infected derivative spline,70%
805,12.0,8.12797857142857,trend,Total infected derivative spline,70%
806,13.0,7.267107142857142,trend,Total infected derivative spline,70%
807,14.0,6.295878571428569,trend,Total infected derivative spline,70%
808,15.0,5.318935714285712,trend,Total infected derivative spline,70%
809,16.0,4.505021428571429,trend,Total infected derivative spline,70%
810,17.0,3.895235714285716,trend,Total infected derivative spline,70%
811,18.0,3.3395500000000027,trend,Total infected derivative spline,70%
812,19.0,2.7817071428571434,trend,Total infected derivative spline,70%
813,20.0,2.267964285714285,trend,Total infected derivative spline,70%
814,21.0,1.8275071428571437,trend,Total infected derivative spline,70%
815,22.0,1.4606285714285718,trend,Total infected derivative spline,70%
816,23.0,1.1587428571428566,trend,Total infected derivative spline,70%
817,24.0,0.937578571428572,trend,Total infected derivative spline,70%
818,25.0,0.7708214285714275,trend,Total infected derivative spline,70%
819,26.0,0.6273999999999985,trend,Total infected derivative spline,70%
820,27.0,0.5004285714285714,trend,Total infected derivative spline,70%
821,28.0,0.4019499999999993,trend,Total infected derivative spline,70%
822,29.0,0.3266571428571419,trend,Total infected derivative spline,70%
823,30.0,0.26653571428571304,trend,Total infected derivative spline,70%
824,31.0,0.2217285714285708,trend,Total infected derivative spline,70%
825,32.0,0.18794285714285763,trend,Total infected derivative spline,70%
826,33.0,0.15774285714285796,trend,Total infected derivative spline,70%
827,34.0,0.13227142857142837,trend,Total infected derivative spline,70%
828,35.0,0.11337857142857136,trend,Total infected derivative spline,70%
829,36.0,0.09476428571428688,trend,Total infected derivative spline,70%
830,37.0,0.0797285714285729,trend,Total infected derivative spline,70%
831,38.0,0.0701428571428571,trend,Total infected derivative spline,70%
832,39.0,0.06112857142857056,trend,Total infected derivative spline,70%
833,40.0,0.05397142857142966,trend,Total infected derivative spline,70%
834,41.0,0.04867142857143034,trend,Total infected derivative spline,70%
835,42.0,0.04365000000000155,trend,Total infected derivative spline,70%
836,43.0,0.038785714285714736,trend,Total infected derivative spline,70%
837,44.0,0.03521428571428536,trend,Total infected derivative spline,70%
838,45.0,0.031492857142857086,trend,Total infected derivative spline,70%
839,46.0,0.027771428571428808,trend,Total infected derivative spline,70%
840,47.0,0.025335714285712838,trend,Total infected derivative spline,70%
841,48.0,0.023328571428570352,trend,Total infected derivative spline,70%
842,49.0,0.021764285714285493,trend,Total infected derivative spline,70%
843,50.0,0.020335714285713333,trend,Total infected derivative spline,70%
844,51.0,0.019035714285712806,trend,Total infected derivative spline,70%
845,52.0,0.017742857142855378,trend,Total infected derivative spline,70%
846,53.0,0.01617142857142742,trend,Total infected derivative spline,70%
847,54.0,0.01574285714285801,trend,Total infected derivative spline,70%
848,55.0,0.01488571428571512,trend,Total infected derivative spline,70%
849,56.0,0.01359285714285566,trend,Total infected derivative spline,70%
850,57.0,,trend,Total infected derivative spline,70%
851,58.0,,trend,Total infected derivative spline,70%
852,59.0,,trend,Total infected derivative spline,70%
853,60.0,0.944214156330668,trend,Total infected derivative spline,70%
854,0.0,0.9753240960020548,seasonal,Total infected derivative spline,70%
855,1.0,1.0229319570301079,seasonal,Total infected derivative spline,70%
856,2.0,1.0460077223377355,seasonal,Total infected derivative spline,70%
857,3.0,1.0176972769705293,seasonal,Total infected derivative spline,70%
858,4.0,1.0413239978872941,seasonal,Total infected derivative spline,70%
859,5.0,0.9525007934416103,seasonal,Total infected derivative spline,70%
860,6.0,0.944214156330668,seasonal,Total infected derivative spline,70%
861,7.0,0.9753240960020548,seasonal,Total infected derivative spline,70%
862,8.0,1.0229319570301079,seasonal,Total infected derivative spline,70%
863,9.0,1.0460077223377355,seasonal,Total infected derivative spline,70%
864,10.0,1.0176972769705293,seasonal,Total infected derivative spline,70%
865,11.0,1.0413239978872941,seasonal,Total infected derivative spline,70%
866,12.0,0.9525007934416103,seasonal,Total infected derivative spline,70%
867,13.0,0.944214156330668,seasonal,Total infected derivative spline,70%
868,14.0,0.9753240960020548,seasonal,Total infected derivative spline,70%
869,15.0,1.0229319570301079,seasonal,Total infected derivative spline,70%
870,16.0,1.0460077223377355,seasonal,Total infected derivative spline,70%
871,17.0,1.0176972769705293,seasonal,Total infected derivative spline,70%
872,18.0,1.0413239978872941,seasonal,Total infected derivative spline,70%
873,19.0,0.9525007934416103,seasonal,Total infected derivative spline,70%
874,20.0,0.944214156330668,seasonal,Total infected derivative spline,70%
875,21.0,0.9753240960020548,seasonal,Total infected derivative spline,70%
876,22.0,1.0229319570301079,seasonal,Total infected derivative spline,70%
877,23.0,1.0460077223377355,seasonal,Total infected derivative spline,70%
878,24.0,1.0176972769705293,seasonal,Total infected derivative spline,70%
879,25.0,1.0413239978872941,seasonal,Total infected derivative spline,70%
880,26.0,0.9525007934416103,seasonal,Total infected derivative spline,70%
881,27.0,0.944214156330668,seasonal,Total infected derivative spline,70%
882,28.0,0.9753240960020548,seasonal,Total infected derivative spline,70%
883,29.0,1.0229319570301079,seasonal,Total infected derivative spline,70%
884,30.0,1.0460077223377355,seasonal,Total infected derivative spline,70%
885,31.0,1.0176972769705293,seasonal,Total infected derivative spline,70%
886,32.0,1.0413239978872941,seasonal,Total infected derivative spline,70%
887,33.0,0.9525007934416103,seasonal,Total infected derivative spline,70%
888,34.0,0.944214156330668,seasonal,Total infected derivative spline,70%
889,35.0,0.9753240960020548,seasonal,Total infected derivative spline,70%
890,36.0,1.0229319570301079,seasonal,Total infected derivative spline,70%
891,37.0,1.0460077223377355,seasonal,Total infected derivative spline,70%
892,38.0,1.0176972769705293,seasonal,Total infected derivative spline,70%
893,39.0,1.0413239978872941,seasonal,Total infected derivative spline,70%
894,40.0,0.9525007934416103,seasonal,Total infected derivative spline,70%
895,41.0,0.944214156330668,seasonal,Total infected derivative spline,70%
896,42.0,0.9753240960020548,seasonal,Total infected derivative spline,70%
897,43.0,1.0229319570301079,seasonal,Total infected derivative spline,70%
898,44.0,1.0460077223377355,seasonal,Total infected derivative spline,70%
899,45.0,1.0176972769705293,seasonal,Total infected derivative spline,70%
900,46.0,1.0413239978872941,seasonal,Total infected derivative spline,70%
901,47.0,0.9525007934416103,seasonal,Total infected derivative spline,70%
902,48.0,0.944214156330668,seasonal,Total infected derivative spline,70%
903,49.0,0.9753240960020548,seasonal,Total infected derivative spline,70%
904,50.0,1.0229319570301079,seasonal,Total infected derivative spline,70%
905,51.0,1.0460077223377355,seasonal,Total infected derivative spline,70%
906,52.0,1.0176972769705293,seasonal,Total infected derivative spline,70%
907,53.0,1.0413239978872941,seasonal,Total infected derivative spline,70%
908,54.0,0.9525007934416103,seasonal,Total infected derivative spline,70%
909,55.0,0.944214156330668,seasonal,Total infected derivative spline,70%
910,56.0,0.9753240960020548,seasonal,Total infected derivative spline,70%
911,57.0,1.0229319570301079,seasonal,Total infected derivative spline,70%
912,58.0,1.0460077223377355,seasonal,Total infected derivative spline,70%
913,59.0,,seasonal,Total infected derivative spline,70%
914,60.0,,seasonal,Total infected derivative spline,70%
915,0.0,,resid,Total infected derivative spline,70%
916,1.0,1.0788902119751993,resid,Total infected derivative spline,70%
917,2.0,1.2485015568696731,resid,Total infected derivative spline,70%
918,3.0,1.072924134013807,resid,Total infected derivative spline,70%
919,4.0,0.8898036887957744,resid,Total infected derivative spline,70%
920,5.0,0.9205297795895516,resid,Total infected derivative spline,70%
921,6.0,1.0943475078294356,resid,Total infected derivative spline,70%
922,7.0,1.141881525016582,resid,Total infected derivative spline,70%
923,8.0,1.129897186874442,resid,Total infected derivative spline,70%
924,9.0,1.132324397194405,resid,Total infected derivative spline,70%
925,10.0,0.9910136570709058,resid,Total infected derivative spline,70%
926,11.0,0.9025668020879578,resid,Total infected derivative spline,70%
927,12.0,0.9091860787759359,resid,Total infected derivative spline,70%
928,13.0,1.0036169945841715,resid,Total infected derivative spline,70%
929,14.0,1.0271507472594308,resid,Total infected derivative spline,70%
930,15.0,0.9743531706839266,resid,Total infected derivative spline,70%
931,16.0,0.965853821615966,resid,Total infected derivative spline,70%
932,17.0,0.928794364312527,resid,Total infected derivative spline,70%
933,18.0,0.9161028553521114,resid,Total infected derivative spline,70%
934,19.0,0.877976804582309,resid,Total infected derivative spline,70%
935,20.0,0.9136337011545399,resid,Total infected derivative spline,70%
936,21.0,0.959449518013791,resid,Total infected derivative spline,70%
937,22.0,0.9041877803361197,resid,Total infected derivative spline,70%
938,23.0,0.9107505636475183,resid,Total infected derivative spline,70%
939,24.0,0.883478389848422,resid,Total infected derivative spline,70%
940,25.0,0.9038963940730046,resid,Total infected derivative spline,70%
941,26.0,0.9161406429878584,resid,Total infected derivative spline,70%
942,27.0,0.9340966485231229,resid,Total infected derivative spline,70%
943,28.0,0.9112485375917266,resid,Total infected derivative spline,70%
944,29.0,0.8511196134418569,resid,Total infected derivative spline,70%
945,30.0,0.9797722826146071,resid,Total infected derivative spline,70%
946,31.0,0.9518363927993665,resid,Total infected derivative spline,70%
947,32.0,0.9302425947481062,resid,Total infected derivative spline,70%
948,33.0,1.0387314934955036,resid,Total infected derivative spline,70%
949,34.0,0.932639099172634,resid,Total infected derivative spline,70%
950,35.0,0.8601356464166113,resid,Total infected derivative spline,70%
951,36.0,0.8879654685484409,resid,Total infected derivative spline,70%
952,37.0,0.917853248421951,resid,Total infected derivative spline,70%
953,38.0,0.9092244576536733,resid,Total infected derivative spline,70%
954,39.0,1.0806829165637202,resid,Total infected derivative spline,70%
955,40.0,1.1670523056071629,resid,Total infected derivative spline,70%
956,41.0,0.9543033626177027,resid,Total infected derivative spline,70%
957,42.0,0.9174994947635638,resid,Total infected derivative spline,70%
958,43.0,0.9106978279597637,resid,Total infected derivative spline,70%
959,44.0,0.8155565812308889,resid,Total infected derivative spline,70%
960,45.0,0.9892851214802711,resid,Total infected derivative spline,70%
961,46.0,1.0823347188835413,resid,Total infected derivative spline,70%
962,47.0,1.0729850423913336,resid,Total infected derivative spline,70%
963,48.0,0.9604761710015527,resid,Total infected derivative spline,70%
964,49.0,0.9757480158214538,resid,Total infected derivative spline,70%
965,50.0,1.026447008618146,resid,Total infected derivative spline,70%
966,51.0,0.792945816842886,resid,Total infected derivative spline,70%
967,52.0,1.037001751258923,resid,Total infected derivative spline,70%
968,53.0,1.0579282979336795,resid,Total infected derivative spline,70%
969,54.0,0.8609561210082413,resid,Total infected derivative spline,70%
970,55.0,,resid,Total infected derivative spline,70%
971,56.0,,resid,Total infected derivative spline,70%
972,57.0,,resid,Total infected derivative spline,70%
973,58.0,,resid,Total infected derivative spline,70%
974,59.0,,resid,Total infected derivative spline,70%
975,60.0,,resid,Total infected derivative spline,70%
